r_name,address,소재지지번주소,classification,영업장면적
채향,"서울특별시 서초구 효령로53길 23, 1층 (서초동)",서울특별시 서초구 서초동  1589번지 13호  1층,한식,139
서초곰탕24시,"서울특별시 서초구 반포대로 12, 1층 (서초동)",서울특별시 서초구 서초동  1451번지 77호  ,한식,187.21
남도찌개,"서울특별시 서초구 반포대로28길 71-17, 1층 (서초동)",서울특별시 서초구 서초동  1571번지 20호  1층,한식,100.75
나주댁 부엌,"서울특별시 서초구 마방로10길 34-11, 1층 (양재동)",서울특별시 서초구 양재동  269번지 4호  ,한식,45
성덕,"서울특별시 서초구 서초중앙로 38, 지하1층 (서초동)",서울특별시 서초구 서초동  1603번지 20호  지하1층,중국식,116.96
포본PhoBon(양재점),"서울특별시 서초구 강남대로27길 7-21, 102호 (양재동)",서울특별시 서초구 양재동  67번지 7호  -102,기타,113.99
왕금성(이수역점),"서울특별시 서초구 서초대로 3-4, 2층 203호 (방배동, 방배디오슈페리움1)",서울특별시 서초구 방배동  3001번지 2호  방배디오슈페리움1 2층203호,중국식,223.23
금빛,"서울특별시 서초구 방배중앙로29길 3, 2층 (방배동)",서울특별시 서초구 방배동  761번지 2호  2층-202,경양식,136
장털보한우곰탕,"서울특별시 서초구 서초대로52길 22, 수정빌딩 1층 (서초동)",서울특별시 서초구 서초동  1657번지 8호  수정빌딩 1층,한식,191.05
이여곰탕,"서울특별시 서초구 서초대로46길 19-15, 1층 (서초동)",서울특별시 서초구 서초동  1555번지 9호  1층,한식,92.4
감토,"서울특별시 서초구 마방로10길 18-20, 1층 (양재동)",서울특별시 서초구 양재동  264번지 11호  1층,한식,74.86
낙천정,"서울특별시 서초구 효령로49길 19, (서초동,2층,3층)","서울특별시 서초구 서초동  1531번지 3호  2층,3층",한식,299.96
선화의 삼겹살 무한리필 방배역점,"서울특별시 서초구 효령로31길 7, 1층 (방배동)",서울특별시 서초구 방배동  912번지 9호  1층,한식,130.93
땅끝마을,"서울특별시 서초구 법원로2길 7-4, 동용빌딩 지하1층 101호,105호 (서초동)",서울특별시 서초구 서초동  1712번지 2호  동용빌딩-101,한식,160
등촌샤브칼국수,"서울특별시 서초구 반포대로28길 28, 초석빌딩 1층 101호 (서초동)",서울특별시 서초구 서초동  1550번지 10호  초석빌딩 1층-101,한식,198
차돌풍(방배점),"서울특별시 서초구 효령로31길 19, 1층 (방배동)",서울특별시 서초구 방배동  911번지 18호  1층,식육(숯불구이),102.14
한우등심한판,"서울특별시 서초구 서초대로77길 45, 306호,307호 (서초동)",서울특별시 서초구 서초동  1308번지 4호  실버타운오피스텔,한식,99.5
네모네모 정육식당,"서울특별시 서초구 서초중앙로20길 34-5, (서초동, 1층)",서울특별시 서초구 서초동  1665번지 1호  1층,한식,175.77
장모사랑,"서울특별시 서초구 남부순환로350길 36, 프렌닥터 지하1층 101호 (양재동)",서울특별시 서초구 양재동  13번지 9호  프렌닥터 지하1층 101호,한식,122.04
소곰집 양재점,"서울특별시 서초구 남부순환로350길 38, 1층 (양재동)",서울특별시 서초구 양재동  13번지 10호  1층,한식,141.9
훌탐라수면,"서울특별시 서초구 강남대로10길 7, 1층 (양재동)",서울특별시 서초구 양재동  327번지 18호  1층,기타,188.49
망향비빔국수 신사점,"서울특별시 서초구 강남대로95길 17, 1층 (잠원동)",서울특별시 서초구 잠원동  29번지 3호  1층,한식,125.15
맷돌로만 양재점,"서울특별시 서초구 남부순환로347길 28, 반도빌딩 1층 (서초동)",서울특별시 서초구 서초동  1363번지  반도빌딩 1층,한식,120.86
부안애서,"서울특별시 서초구 청계산로 223, 1층 (신원동)",서울특별시 서초구 신원동  197번지 1호  1층,한식,148.17
서래족발,"서울특별시 서초구 방배로 189, 1층 (방배동)",서울특별시 서초구 방배동  836번지 5호  1층 남쪽끝,한식,145
쌍다리돼지불백 양재점,"서울특별시 서초구 언남11길 34-2, 1층 (양재동)",서울특별시 서초구 양재동  268번지  1층,한식,90.32
서초바다 청조,"서울특별시 서초구 서초대로 338, 102호 (서초동)",서울특별시 서초구 서초동  1677번지 8호  -102,한식,168.29
월화당(서래본점),"서울특별시 서초구 사평대로22길 9, 포레스트 1층 (반포동)",서울특별시 서초구 반포동  94번지 13호  포레스트 1층,한식,152.75
육목원,"서울특별시 서초구 서초대로78길 46, 1층 (서초동)",서울특별시 서초구 서초동  1330번지 15호  1층,한식,158.33
송학횟집,"서울특별시 서초구 법원로3길 12, 승소빌딩 지하1층 (서초동)",서울특별시 서초구 서초동  1706번지 12호  승소빌딩,회집,433.52
소담비빔국수,"서울특별시 서초구 바우뫼로33길 7-8, 1층 (양재동)",서울특별시 서초구 양재동  68번지 7호  1층,한식,91.95
우화,"서울특별시 서초구 서초대로78길 36, (서초동, B101호 일부)",서울특별시 서초구 서초동  1327번지 13호  B101호 일부,한식,277.93
비노바인,"서울특별시 서초구 반포대로23길 6, 지하1층 (서초동)",서울특별시 서초구 서초동  1540번지 5호  효진빌딩,경양식,250
속리산 염소요리 전문점,"서울특별시 서초구 법원로3길 24, (서초동,두언빌딩 1층)",서울특별시 서초구 서초동  1708번지 6호  두언빌딩 1층,한식,172.61
감선호취,"서울특별시 서초구 강남대로53길 11, 1층 103호 (서초동, 서초동삼성쉐르빌2)",서울특별시 서초구 서초동  1330번지  서초동삼성쉐르빌2  1층 103호,한식,329.39
오장동함흥냉면 파미에스테이션점,"서울특별시 서초구 사평대로 205, CENTRALCITY 반포천 복개주차장 1층 FP113호 (반포동)",서울특별시 서초구 반포동  118번지 3호  CENTRALCITY 반포천 복개주차장 1층 FP113호,냉면집,89.9
옛날 손칼국수 전문점,"서울특별시 서초구 서초대로53길 20-3, (서초동,1층)",서울특별시 서초구 서초동  1697번지 31호  1층,한식,148.5
아비꼬 내방역점,"서울특별시 서초구 서초대로25길 23, 1층 101호 (방배동)",서울특별시 서초구 방배동  875번지 20호  1층 101호,일식,67
건너편갈비살,"서울특별시 서초구 신반포로42길 2, 2층 201,202,203,204,205호 (반포동, NOVA월드)","서울특별시 서초구 반포동  703번지 3호  2층 201,202,203,204,205호",한식,97.74
공항칼국수 서초점,"서울특별시 서초구 반포대로30길 53, 조광빌딩 지하1층 (서초동)",서울특별시 서초구 서초동  1572번지 15호  조광빌딩 지하1층,한식,250.24
광평 평양냉면갈비 강남점,"서울특별시 서초구 서운로 135, 1층,2층 (서초동)","서울특별시 서초구 서초동  1322번지 11호  1층,2층",한식,529.1
평안도식당 교대지점,"서울특별시 서초구 법원로2길 14, 1층 (서초동)",서울특별시 서초구 서초동  1715번지 2호  1층,한식,99.1
선화의 고기,"서울특별시 서초구 서초대로24길 9, 1층 (방배동)",서울특별시 서초구 방배동  936번지 4호  1층,한식,111.54
사쿠,"서울특별시 서초구 나루터로15길 11, 대영빌딩 1층 (잠원동)",서울특별시 서초구 잠원동  14번지 9호  대영빌딩 1층,한식,79.38
명인등심,"서울특별시 서초구 서초대로 87, 1층 (방배동)",서울특별시 서초구 방배동  872번지 4호  1층,한식,96.66
U-소백산,"서울특별시 서초구 강남대로8길 36, (양재동, (지하1층,지상2층))","서울특별시 서초구 양재동  346번지  (지하1층,지상2층)",한식,578.32
스시타노,"서울특별시 서초구 서래로5길 30, 2층 (반포동)",서울특별시 서초구 반포동  107번지 32호  2층,한식,165.64
시골집,"서울특별시 서초구 반포대로10길 7, 1층 (서초동)",서울특별시 서초구 서초동  1459번지 11호  1층,한식,147.72
서관면옥 교대본점,"서울특별시 서초구 서초대로56길 11, 1층 (서초동)",서울특별시 서초구 서초동  1675번지 5호  1층,한식,152.24
바른식 시골보쌈 앤 옹심이,"서울특별시 서초구 서초대로52길 17, 1층,2층 (서초동)",서울특별시 서초구 서초동  1658번지 1호  1층 2층,한식,332.85
원할머니 보쌈 족발 박가 부대찌개 반포점,"서울특별시 서초구 서초중앙로 238, 삼호가든쇼핑센타 지하중층 (반포동)",서울특별시 서초구 반포동  30번지 25호  삼호가든쇼핑센타 지하중층,한식,104
교대 평상집,"서울특별시 서초구 서초대로50길 24, 청화빌딩 3층 (서초동)",서울특별시 서초구 서초동  1571번지 18호  3층,한식,232.88
아기다람쥐,"서울특별시 서초구 서초대로 3-4, 1층 109-1호 (방배동, 방배디오슈페리움Ⅰ)",서울특별시 서초구 방배동  3001번지 2호  방배디오슈페리움Ⅰ 제1층 제109-1호,한식,113.03
공리,"서울특별시 서초구 반포대로7길 7, 1층 (서초동)",서울특별시 서초구 서초동  1462번지 1호  1층,중국식,108.13
만강홍 교대본점,"서울특별시 서초구 서초중앙로22길 46, 1층 (서초동)",서울특별시 서초구 서초동  1669번지 8호  1층,중국식,198
강남역 모범갈빗살,"서울특별시 서초구 서초대로73길 40, 104호 (서초동, 강남오피스텔)",서울특별시 서초구 서초동  1308번지 25호  강남오피스텔-104,한식,158.62
개성손만두요리전문점 방배점,"서울특별시 서초구 동광로19길 5, 1층 (방배동)",서울특별시 서초구 방배동  793번지 21호  외 1필지 1층,한식,112.2
(주)댓짱돈까스,"서울특별시 서초구 방배로6길 13, 파크에비뉴빌딩 1층 (방배동)",서울특별시 서초구 방배동  1021번지 14호  파크에비뉴빌딩 1층,한식,216.09
인덕원비빔국수,"서울특별시 서초구 남부순환로 2656, 1,2층 (양재동)","서울특별시 서초구 양재동  2번지 36호  1,2층",한식,285.51
한지박,"서울특별시 서초구 고무래로 10-6, (반포동)",서울특별시 서초구 반포동  58번지 6호  ,한식,86.4
영동회관,"서울특별시 서초구 강남대로30길 28, 103호 (양재동)",서울특별시 서초구 양재동  17번지 1호  -103,한식,126.93
담소사골순대 이수역점,"서울특별시 서초구 서초대로 12, 101동 101호, 102호 (방배동, 세양아르비채)","서울특별시 서초구 방배동  421번지 1호  세양아르비채 101호, 102호",한식,84.69
강촌식당 서초점,"서울특별시 서초구 효령로 316-1, 1층 (서초동)",서울특별시 서초구 서초동  1443번지 4호  1층,한식,131.6
우주,"서울특별시 서초구 동광로 106, 2층 (방배동)",서울특별시 서초구 방배동  807번지 9호  2층,한식,233
진대감 강남역 삼성타운점,"서울특별시 서초구 서초대로78길 50, (서초동,우영빌딩 2층)",서울특별시 서초구 서초동  1330번지 13호  우영빌딩 2층,한식,334.07
영양센타 서초역점,"서울특별시 서초구 명달로 130, 1층 (서초동)",서울특별시 서초구 서초동  1505번지 6호  ,호프/통닭,208.8
Kelly(켈리),"서울특별시 서초구 방배로42길 20, 1층 (방배동)",서울특별시 서초구 방배동  773번지 5호  1층,경양식,66
소공동뚝배기집 교대점,"서울특별시 서초구 서초대로54길 32, 지하1층 (서초동, 추호주택 )",서울특별시 서초구 서초동  1659번지 17호  추호주택 지하1층,한식,124.2
돈선생 방배점,"서울특별시 서초구 효령로31길 52, 1층 (방배동)",서울특별시 서초구 방배동  924번지 7호  1층,한식,100.47
서초 해물찜,"서울특별시 서초구 서초중앙로24길 27, 지하1층 지106,107호 (서초동, 지파이브센트럴프라자)","서울특별시 서초구 서초동  1685번지 8호  지파이브센트럴프라자 B106호, 107호",한식,146.85
원조마산콧털네아구찜,"서울특별시 서초구 신반포로47길 118, A동 1층 (잠원동)",서울특별시 서초구 잠원동  20번지 1호  근생빌딩 A동 1층,한식,165
만발,"서울특별시 서초구 서초대로29길 32, 1층 (방배동)",서울특별시 서초구 방배동  878번지 1호  1층,한식,142.23
이자카야 나무  (서초),"서울특별시 서초구 서초대로75길 23, 지하1층~지상4층 (서초동)",서울특별시 서초구 서초동  1307번지 11호  지하1층~지상4층,일식,788.08
방배 송이족발,"서울특별시 서초구 방배중앙로 166, 1층 (방배동)",서울특별시 서초구 방배동  777번지 5호  1층,한식,66.7
The Park(뷔페식당),"서울특별시 서초구 바우뫼로12길 70, 2층 (양재동, 더케이서울호텔)",서울특별시 서초구 양재동  202번지  외 3필지 더케이서울호텔 2층,경양식,499.37
동지섣달 꽃본듯이,"서울특별시 서초구 원터6길 3, (원지동,지상 2층)",서울특별시 서초구 원지동  419번지  지상 2층,한식,77.4
배키욘방 교대점,"서울특별시 서초구 서초대로46길 16, 1층 (서초동)",서울특별시 서초구 서초동  1552번지 18호  1층,복어취급,100.42
낙원곱창 사당역점,"서울특별시 서초구 방배천로2길 12, 1층 (방배동)",서울특별시 서초구 방배동  446번지 2호  1층,한식,282.53
소담채,"서울특별시 서초구 원터6길 5, (원지동,지하1층, 1층, 2층)","서울특별시 서초구 원지동  419번지 1호  지하1층, 1층, 2층",한식,231.45
매일향,"서울특별시 서초구 동광로 67, 1층 (방배동)",서울특별시 서초구 방배동  795번지 24호  1층,중국식,202.28
순남시래기 방배점,"서울특별시 서초구 방배로 121, 1층 (방배동)",서울특별시 서초구 방배동  925번지 6호  1층,한식,126.17
CARNE BRASIL GRILL (까르니 브라질 그릴),"서울특별시 서초구 방배로 83-9, 5층 (방배동)",서울특별시 서초구 방배동  909번지 4호  5층,경양식,95.59
돼지띠식당 서초점,"서울특별시 서초구 효령로 428, (서초동)",서울특별시 서초구 서초동  1340번지 2호  (1층?),한식,138.65
해우담 서초본점,"서울특별시 서초구 강남대로 349, 지하1층 (서초동, 우남빌딩)",서울특별시 서초구 서초동  1329번지 4호  우남빌딩 지하1층,한식,487.14
디토,"서울특별시 서초구 명달로 94, (주)삼성출판사 사옥 1층 (서초동)",서울특별시 서초구 서초동  1516번지 2호  (주)삼성출판사 사옥,경양식,361
홍.낙.제,"서울특별시 서초구 서초중앙로26길 17, (서초동,1층)",서울특별시 서초구 서초동  1697번지 16호  1층,한식,199.55
주식회사 에프아이씨,"서울특별시 서초구 올림픽대로 683, 3층 (반포동, 새빛둥둥섬 제1섬 )",서울특별시 서초구 반포동  649번지  새빛둥둥섬 제1섬 3층,경양식,761.06
한우플러스,"서울특별시 서초구 서초대로46길 109, 2층 (서초동, 지산빌딩)",서울특별시 서초구 서초동  1576번지 9호  지산빌딩 2층,경양식,131.7
피노,"서울특별시 서초구 신흥말길 84, 1층 (내곡동)",서울특별시 서초구 내곡동  1번지 2299호  1층,한식,152.75
한촌설렁탕 사당역점,"서울특별시 서초구 방배천로 36, 삼남빌딩 1층 (방배동)",서울특별시 서초구 방배동  453번지 24호  삼남빌딩 1층,한식,176.5
(주)이춘복스시강남,"서울특별시 서초구 강남대로61길 13, 1층 2층 (서초동)",서울특별시 서초구 서초동  1317번지  1층 2층,일식,448.5
하우스(HOUSE),"서울특별시 서초구 효령로4길 7, (방배동)",서울특별시 서초구 방배동  477번지 10호  (1층?),경양식,58.59
동신참치양재직영점,"서울특별시 서초구 강남대로 213, 지하1층 (양재동)",서울특별시 서초구 양재동  24번지  스포타임 엘타워,일식,114.54
목우촌마을 청계산점,"서울특별시 서초구 원터길 20, 1층 (원지동)",서울특별시 서초구 원지동  375번지  1층,한식,97.95
자인뭉티기,"서울특별시 서초구 강남대로37길 24-7, 1층 (서초동)",서울특별시 서초구 서초동  1363번지 7호  1층,한식,148.5
행복밥상,"서울특별시 서초구 마방로10길 18-15, 극동빌딩 1층 2호 (양재동)",서울특별시 서초구 양재동  267번지 2호  1층2호 극동빌딩,한식,27.36
모랑 강남점,"서울특별시 서초구 강남대로 359, 212호 (서초동, 대우도씨에빛2)",서울특별시 서초구 서초동  1328번지 11호  대우도씨에빛2-212,한식,47.95
더하누,"서울특별시 서초구 서초대로74길 49, 101,102,109,111,112,113,114호 (서초동, 아루누보씨티2)","서울특별시 서초구 서초동  1330번지 4호  아루누보씨티2 101,102,109,111,112,113,114호",한식,321.97
청정횟집,"서울특별시 서초구 남부순환로350길 75, 2층 (양재동)",서울특별시 서초구 양재동  10번지 41호  2층,한식,82.6
강남역 파스타,"서울특별시 서초구 서초대로73길 24, (서초동)",서울특별시 서초구 서초동  1307번지 4호  ,경양식,477.02
전주가,"서울특별시 서초구 법원로1길 1, 서호빌딩 지하1층 103호 (서초동)",서울특별시 서초구 서초동  1717번지 4호  지하1층-103,한식,0
부안애서,"서울특별시 서초구 남부순환로347길 101, 1층 103호 (서초동)",서울특별시 서초구 서초동  1341번지 7호  1층 103호,한식,155
순남시래기,"서울특별시 서초구 강남대로39길 15-10, 지하1층 103-1호 (서초동, 한라비발디스튜디오193)",서울특별시 서초구 서초동  1363번지 25호  지하1층 103-1호,한식,130.81
청정해참치,"서울특별시 서초구 강남대로 221, (양재동,환승주차장 201호)",서울특별시 서초구 양재동  23번지 0호  환승주차장 201호,일식,39.66
유라 한정식,"서울특별시 서초구 원터길 22, 1층 (원지동)",서울특별시 서초구 원지동  375번지 5호  1층,한식,131.85
부일갈비,"서울특별시 서초구 서초중앙로2길 42, 101호 (서초동)",서울특별시 서초구 서초동  1427번지 6호  -101,한식,263.36
디오디아(DIODIA),"서울특별시 서초구 강남대로 213, 5층 (양재동, 스포타임)",서울특별시 서초구 양재동  24번지  스포타임 5층,뷔페식,1639.55
신박사 콩사랑,"서울특별시 서초구 반포대로23길 30, 1층 (서초동)",서울특별시 서초구 서초동  1503번지 15호  1층,한식,115.5
사랑채,"서울특별시 서초구 언남길 15-6, (양재동,1층)",서울특별시 서초구 양재동  320번지 4호  1층,한식,243.69
소호정,"서울특별시 서초구 논현로 27, (양재동,(1,2층))","서울특별시 서초구 양재동  392번지 11호  (1,2층)",분식,216.29
곤드레집,"서울특별시 서초구 청룡마을1길 1, 1층,2층 (신원동)","서울특별시 서초구 신원동  195번지 16호  1층,2층",한식,155
삼소락,"서울특별시 서초구 방배천로 17, 1층 (방배동, 주건축물제1동)","서울특별시 서초구 방배동  444번지 2호  1층, 주건축물제1동",한식,165.05
방배명가,"서울특별시 서초구 서초대로23길 21, 1층 (방배동)",서울특별시 서초구 방배동  873번지 20호  1층,한식,77.54
우면산,"서울특별시 서초구 효령로2길 5, 1층 (방배동)",서울특별시 서초구 방배동  478번지 5호  1층,한식,42.34
하남돼지집 반포점,"서울특별시 서초구 고무래로8길 4, 1층 (반포동)",서울특별시 서초구 반포동  55번지 7호  1층,경양식,158.4
댓짱돈까스,"서울특별시 서초구 방배중앙로 204, 1층 101호, 102호, 106호 (방배동, 리첸시아방배)","서울특별시 서초구 방배동  755번지 14호  1층, 101호,102호,106호",한식,140.75
마초셰프,"서울특별시 서초구 서초대로25길 8, 1층 (방배동)",서울특별시 서초구 방배동  876번지 19호  1층,경양식,53.69
방배골숯불갈비,"서울특별시 서초구 방배중앙로29길 21, 101호 (방배동)",서울특별시 서초구 방배동  763번지 32호  -101,한식,84
서리풀 명가,"서울특별시 서초구 서초대로25길 16-1, 1층 (방배동)",서울특별시 서초구 방배동  876번지 9호  1층,한식,195.49
방배순대국,"서울특별시 서초구 효령로31길 46, 1층 (방배동)",서울특별시 서초구 방배동  924번지 9호  1층,한식,38.88
서래말 면옥집,"서울특별시 서초구 사평대로26길 47, 2층 (반포동)",서울특별시 서초구 반포동  72번지 10호  2층,한식,165.62
정담남원추어탕,"서울특별시 서초구 방배로15길 14, 1층 (방배동)",서울특별시 서초구 방배동  926번지 27호  1층,한식,89.49
더가든 키친,"서울특별시 서초구 강남대로107길 6, 1동 1층 (잠원동, 더리버사이드호텔 )",서울특별시 서초구 잠원동  6번지 1호 1 더리버사이드호텔 1층(지하 1층?),뷔페식,1839.21
미나토,"서울특별시 서초구 방배로23길 19, 1층 (방배동)",서울특별시 서초구 방배동  935번지 2호  1층,한식,97.68
서래횟집,"서울특별시 서초구 서래로5길 17, 1층 (반포동)",서울특별시 서초구 반포동  104번지 2호  1층,한식,63.2
김영희 강남동태찜 이수점,"서울특별시 서초구 서초대로 3-4, (방배동,방배디오슈페리움 1차 B117~119, B122~126호)","서울특별시 서초구 방배동  3001번지 2호  방배디오슈페리움 1차 B117~119, B122~126호",한식,191.6
수라빔,"서울특별시 서초구 신반포로 176, 1층중층 M8호 (반포동, 센트럴시티)",서울특별시 서초구 반포동  19번지 3호  1층중층 M8호 센트럴시티,한식,118.68
이모 전주콩나물 국밥,"서울특별시 서초구 강남대로99길 9, 2층 (잠원동)",서울특별시 서초구 잠원동  21번지 1호  2층,중국식,170.91
(주)톰볼라,"서울특별시 서초구 서래로7길 16, 1층 101호 (반포동)",서울특별시 서초구 반포동  106번지 8호  1층 101호,경양식,53.2
주미요,"서울특별시 서초구 사평대로18길 5, 위너스빌 1층 (반포동)","서울특별시 서초구 반포동  107번지 9호  1층, 위너스빌",중국식,131.18
들밥 나들이,"서울특별시 서초구 원터길 19, (원지동)",서울특별시 서초구 원지동  414번지 10호  (1층?),한식,120.73
여의도생고기,"서울특별시 서초구 신흥말길 27-9, 1층 (내곡동)",서울특별시 서초구 내곡동  1번지 273호  (지상1층),분식,179.08
수미관,"서울특별시 서초구 서초중앙로2길 38, 1층 (서초동)",서울특별시 서초구 서초동  1427번지 5호  1층,한식,297
경복궁서초점(주)엔타스,"서울특별시 서초구 서초중앙로 195, 3,4층 (반포동)","서울특별시 서초구 반포동  44번지 4호  ~6호 3, 4층",한식,1100.1
김대감봉평메밀촌,"서울특별시 서초구 방배중앙로 161, 2층 (방배동)",서울특별시 서초구 방배동  778번지 11호  2층,한식,131.04
일품헌,"서울특별시 서초구 남부순환로 2634-27, 가동 1층,2층 (양재동, 성원빌딩)","서울특별시 서초구 양재동  1번지 28호  성원빌딩 가동 1층,2층",중국식,662.5
장수원,"서울특별시 서초구 방배중앙로 153, 지하1층,1층,2층 (방배동)","서울특별시 서초구 방배동  778번지 27호  지하1층,1층,2층",한식,764.69
델리세,"서울특별시 서초구 동광로 106, (방배동)",서울특별시 서초구 방배동  807번지 9호  ,까페,231.11
원당감자탕,"서울특별시 서초구 방배천로4길 9, 2층 3층 (방배동)",서울특별시 서초구 방배동  451번지 8호  2층 3층,한식,235.24
우대포 양재점,"서울특별시 서초구 강남대로47길 20, (서초동)",서울특별시 서초구 서초동  1340번지 14호  ,한식,75.9
여진족,"서울특별시 서초구 방배천로4안길 12, 1층, 지하1층 (방배동)","서울특별시 서초구 방배동  451번지 5호  1층, 지하1층",한식,265.6
임금님밥상,"서울특별시 서초구 동광로11길 97, A동 1층 (방배동)",서울특별시 서초구 방배동  762번지 16호  A동 1층,한식,86.4
신의주찹쌀순대&숯불갈비,"서울특별시 서초구 방배천로6길 3-12, (방배동,(1층))",서울특별시 서초구 방배동  453번지 23호  (1층),한식,61.71
두껍삼 강남직영점,"서울특별시 서초구 서초대로78길 44, 1층 (서초동)",서울특별시 서초구 서초동  1330번지 16호  1층 (101호?),한식,435.4
빛고을으뜸추어탕,"서울특별시 서초구 서초중앙로26길 13, 1층 (서초동)",서울특별시 서초구 서초동  1697번지 15호  1층,한식,251.19
울돌목 가는길,"서울특별시 서초구 서초대로40길 41, 지하1층 (서초동)",서울특별시 서초구 서초동  1540번지 1호  ,한식,638.95
육갑식당,"서울특별시 서초구 서래로 33, 2층 (반포동)",서울특별시 서초구 반포동  95번지 7호  2층,한식,114.88
어랑 생선밥상,"서울특별시 서초구 사평대로55길 21-2, 1층 (반포동)",서울특별시 서초구 반포동  739번지 19호  1층,한식,87.23
오동도 산아나고 숯불구이,"서울특별시 서초구 서초대로 3-4, 103호, 103-1호 (방배동, 방배디오슈페리움1)","서울특별시 서초구 방배동  3001번지 2호  103호, 103-1호",한식,65.84
포메인서초점,"서울특별시 서초구 반포대로 104, 1층 (서초동)",서울특별시 서초구 서초동  1543번지 8호  1층 102호?,한식,78.5
됐소 강남,"서울특별시 서초구 서초대로78길 46, 2층, 3층 (서초동)",서울특별시 서초구 서초동  1330번지 15호  ,한식,637.2
도쿄하나 사당점,"서울특별시 서초구 방배천로 11, 3층 301호내 2호 (방배동, SK리더스뷰)",서울특별시 서초구 방배동  444번지 3호  ,일식,549.89
춘향골 추어탕,"서울특별시 서초구 서운로11길 10, 1층 (서초동)",서울특별시 서초구 서초동  1342번지 7호  1층,한식,277.28
da Pitta(다 피타),"서울특별시 서초구 효령로 202, 1층 (서초동)",서울특별시 서초구 서초동  1487번지 3호  1층,경양식,78.54
삼육가 사당역1호점,"서울특별시 서초구 방배천로 10, 1층 (방배동)",서울특별시 서초구 방배동  450번지 16호  1층,한식,278.46
영주축협 한우프라자 청계산역점,"서울특별시 서초구 청계산로 197, 4층, 5층 (신원동)","서울특별시 서초구 신원동  270번지 10호  4층, 5층",한식,1350.62
다피타(da pitta),"서울특별시 서초구 반포대로23길 32, 1층 101호 (서초동)",서울특별시 서초구 서초동  1503번지 16호  ,경양식,102.5
서울집,"서울특별시 서초구 서운로 220, 1층 5호,6호 (서초동, 대지프라자)","서울특별시 서초구 서초동  1302번지 2호  1층 5호, 6호 대지프라자",한식,82.5
우밀가 교대점,"서울특별시 서초구 법원로2길 15, 1층 104호 (서초동, 길도 BD )",서울특별시 서초구 서초동  1713번지 4호  길도 BD 1층-104,한식,287.26
리향,"서울특별시 서초구 반포대로28길 15, 2층 (서초동)",서울특별시 서초구 서초동  1552번지 7호  2층,중국식,212.21
경성회관,"서울특별시 서초구 서초대로55길 3, 1층 (서초동, 애니빌딩)",서울특별시 서초구 서초동  1696번지 13호  애니빌딩1층,한식,190.74
묘오또,"서울특별시 서초구 방배로28길 16, (방배동,1층)",서울특별시 서초구 방배동  850번지 1호  1층(104호?),한식,99
서울만남의광장휴게소 한식당,"서울특별시 서초구 양재대로12길 73-71, (원지동, 서울만남의광장휴게소 한식당)",서울특별시 서초구 원지동  10번지 16호  서울만남의광장휴게소 한식당,한식,91.24
리차이,"서울특별시 서초구 서초대로25길 17, (방배동,1층)",서울특별시 서초구 방배동  875번지 15호  1층,중국식,113.22
방배본가면옥,"서울특별시 서초구 방배로 41, 방배홈스텔 1층 102호 (방배동)",서울특별시 서초구 방배동  1031번지 2호  방배홈스텔 1층 102호,한식,160.5
만다린,"서울특별시 서초구 강남대로51길 5, 3층 (서초동)",서울특별시 서초구 서초동  1338번지 10호  3층전체,중국식,136.82
맷돌로만청계산점,"서울특별시 서초구 청룡마을3길 11, (신원동)",서울특별시 서초구 신원동  192번지 12호  ,한식,106
원조서초갈비,"서울특별시 서초구 반포대로 12, 2층 (서초동)",서울특별시 서초구 서초동  1451번지 77호  2층,한식,187.21
홍천한우,"서울특별시 서초구 효령로55길 47, (서초동,2층일부,3층일부)","서울특별시 서초구 서초동  1595번지 8호  2층일부,3층일부",한식,272.46
효소원 순두부와 청국장 그리고 전,"서울특별시 서초구 효령로34길 12, 1층 (방배동)",서울특별시 서초구 방배동  983번지 8호  1층,한식,190.8
정선콩국수 소소정,"서울특별시 서초구 동광로 68, 1층 (방배동)",서울특별시 서초구 방배동  813번지 8호  1층,한식,74.38
임광루,"서울특별시 서초구 방배로 28, 1층 9호, 1층 10호 (방배동)","서울특별시 서초구 방배동  1024번지 4호  1층 9호, 1층 10호",중국식,120.48
장꼬방,"서울특별시 서초구 강남대로61길 27, 1층 (서초동)",서울특별시 서초구 서초동  1316번지  1층,한식,115.5
국수명가,"서울특별시 서초구 효령로53길 14, (서초동)",서울특별시 서초구 서초동  1588번지 13호  ,분식,55
램하우스 서초법원점,"서울특별시 서초구 법원로2길 15, (서초동,,5,6 (202호))","서울특별시 서초구 서초동  1713번지 4호  ,5,6 (202호)",한식,196
명선헌,"서울특별시 서초구 서운로 39, 원진빌딩 지하1층 (서초동)",서울특별시 서초구 서초동  1344번지 12호  지하1층,한식,287.06
방배 육감,"서울특별시 서초구 효령로 19, 1,2층 (방배동, 지상)","서울특별시 서초구 방배동  475번지 29호  지상1층,2층",한식,264
방배골,"서울특별시 서초구 동광로 7-4, (방배동)",서울특별시 서초구 방배동  2096번지  ,한식,73.38
서초LA,"서울특별시 서초구 반포대로21길 36, (서초동)",서울특별시 서초구 서초동  1511번지 12호  ,한식,109.1
함평한우 고깃집,"서울특별시 서초구 효령로49길 15, 1층 (서초동)",서울특별시 서초구 서초동  1531번지 8호  1층,한식,234.6
제주어항1950,"서울특별시 서초구 방배로 189, 1층 (방배동)",서울특별시 서초구 방배동  836번지 5호  ,한식,153.79
어진,"서울특별시 서초구 강남대로18길 15-11, 1,2층 (양재동)",서울특별시 서초구 양재동  242번지 4호  ,한식,222.4
한국회관,"서울특별시 서초구 사평대로18길 10, (반포동,가동 1층,2층)","서울특별시 서초구 반포동  107번지 45호  가동 1층,2층",한식,350.52
강남따로국밥,"서울특별시 서초구 신반포로47길 118, 2층 (잠원동, 근생빌딩A동)",서울특별시 서초구 잠원동  20번지 1호  근생빌딩A동 2층,한식,165
송쉐프,"서울특별시 서초구 남부순환로339길 33, (서초동)",서울특별시 서초구 서초동  1431번지 14호  ,중국식,116.49
양모리 양대창,"서울특별시 서초구 방배로 174, 107호 (방배동)",서울특별시 서초구 방배동  851번지 6호  107호,한식,138.6
민어사랑,"서울특별시 서초구 효령로 182-8, 1층 (방배동)",서울특별시 서초구 방배동  1001번지 9호  1층,한식,162.5
약초마을,"서울특별시 서초구 강남대로2길 3, (양재동,1층)",서울특별시 서초구 양재동  353번지 5호  1층,한식,82.5
유다까 회전초밥전문점,"서울특별시 서초구 방배로 215, (방배동,1층)",서울특별시 서초구 방배동  813번지 6호  1층,일식,170.23
루안,"서울특별시 서초구 방배중앙로 214, (방배동,지하1층)",서울특별시 서초구 방배동  751번지 1호  지하1층,중국식,415
평가옥,"서울특별시 서초구 논현로 69, (양재동,1층,2층)","서울특별시 서초구 양재동  277번지 2호  1층,2층",한식,274.68
평가옥(반포점),"서울특별시 서초구 사평대로 353, (반포동,서일빌딩 1층 (103-107호))",서울특별시 서초구 반포동  746번지 5호  서일빌딩 1층 (103-107호),한식,310.83
한우명가 노고단,"서울특별시 서초구 법원로 16, (서초동,정곡빌딩 동관 지하15호)",서울특별시 서초구 서초동  1704번지 1호  정곡빌딩 동관 지하15호,한식,280
하남돼지집 교대점,"서울특별시 서초구 서초대로46길 99, 1층 (서초동)",서울특별시 서초구 서초동  1567번지 8호  1층,한식,140
진상샤브샤브,"서울특별시 서초구 효령로77길 30, 지하1층 (서초동, 강남역 푸르지오시티)",서울특별시 서초구 서초동  1337번지 3호  강남역 푸르지오시티 지하1층,한식,205.54
황제,"서울특별시 서초구 서래로7길 19, (반포동,(지상2층))",서울특별시 서초구 반포동  105번지 1호  (지상2층),중국식,91.08
구이마마,"서울특별시 서초구 강남대로25길 59, (양재동,1층)",서울특별시 서초구 양재동  114번지  1층,한식,103.5
신선설농탕,"서울특별시 서초구 효령로 322, (서초동,1층)",서울특별시 서초구 서초동  1443번지 8호  1층,한식,189.6
서래본가,"서울특별시 서초구 사평대로 126, (반포동,1층,2층,3층)","서울특별시 서초구 반포동  93번지 1호  1층,2층,3층",한식,907.1
서초아구찜,"서울특별시 서초구 효령로55길 15, 1층 105호 (서초동)",서울특별시 서초구 서초동  1588번지 8호  1층 105호,한식,63.28
기와집순두부 서초점,"서울특별시 서초구 서초대로51길 14, 지하1층 (서초동)",서울특별시 서초구 서초동  1695번지 5호  지하1층,한식,391.15
주식회사 서석대,"서울특별시 서초구 서초대로 346, 102호 (서초동, 서초동 동아빌라트)",서울특별시 서초구 서초동  1678번지 1호  서초동 동아빌라트 102호,한식,428.84
만다린,"서울특별시 서초구 방배로6길 10-15, 1층 (방배동)",서울특별시 서초구 방배동  1020번지 2호  1층,중국식,290.54
주식회사 맛있는이야기 노랑저고리,"서울특별시 서초구 서초대로73길 9, (서초동,타임빌딩 601호)",서울특별시 서초구 서초동  1316번지 29호  타임빌딩 601호,한식,348.32
듬북담북(뱅뱅점),"서울특별시 서초구 효령로 430, 1층 (서초동)",서울특별시 서초구 서초동  1340번지 3호  1층,한식,148.79
정여사 손칼국수,"서울특별시 서초구 바우뫼로 23, 201호 (우면동)",서울특별시 서초구 우면동  64번지 2호  -201,분식,129.43
황궁,"서울특별시 서초구 법원로 15, 지하1층 (서초동)",서울특별시 서초구 서초동  1705번지  정곡빌딩서관 지하1층,중국식,193.8
바르미샤브샤브앤칼국수,"서울특별시 서초구 방배천로 11, 2층 202-2호 (방배동)",서울특별시 서초구 방배동  444번지 3호  2층-202-2,기타,392.92
우리바다생태찌개,"서울특별시 서초구 반포대로24길 82, (서초동,1층)",서울특별시 서초구 서초동  1564번지 12호  1층,한식,148.5
의정부 평양면옥,"서울특별시 서초구 강남대로93길 28, 1,2층 (잠원동)","서울특별시 서초구 잠원동  29번지 23호  1,2층",한식,334.88
대나무골,"서울특별시 서초구 법원로3길 15, (서초동)",서울특별시 서초구 서초동  1709번지 4호  ,한식,141.26
오선채,"서울특별시 서초구 남부순환로 2634-8, 지하1층 (양재동)",서울특별시 서초구 양재동  1번지 23호  (지하 1층?),한식,560.15
해늘찹쌀순대,"서울특별시 서초구 동산로 89, 2층 (양재동)",서울특별시 서초구 양재동  289번지 8호  2층,한식,101.88
신태평양,"서울특별시 서초구 서초대로 307, 지하1층 가호 (서초동)",서울특별시 서초구 서초동  1692번지 4호  지하1층-가,일식,268.69
삼성각,"서울특별시 서초구 서초대로78길 42, (서초동,2층)",서울특별시 서초구 서초동  1330번지 18호  2층,중국식,346.7
태평양,"서울특별시 서초구 서초중앙로24길 18, 지하1층 (서초동)","서울특별시 서초구 서초동  1691번지 1호  지하1층,",일식,256.97
봉추찜닭,"서울특별시 서초구 반포대로28길 91, 101호 (서초동)",서울특별시 서초구 서초동  1574번지 6호  -101,한식,80.84
늘봄웰봄,"서울특별시 서초구 서초중앙로 188, (서초동, 아크로비스타지하1층지하A-105,A-106,A-107호)","서울특별시 서초구 서초동  1685번지 3호  아크로비스타지하1층지하A-105,A-106,A-107호",한식,358.49
포폴라리타,"서울특별시 서초구 사평대로22길 41, 1층 (반포동)",서울특별시 서초구 반포동  96번지 1호  1층,경양식,79.74
장원한정식,"서울특별시 서초구 법원로2길 19, (서초동)",서울특별시 서초구 서초동  1714번지 16호  ,한식,231
신가예촌,"서울특별시 서초구 서운로 11, 서초대우디오빌 1층 106호 (서초동)",서울특별시 서초구 서초동  1355번지 17호  서초대우디오빌 1층 106호,한식,253.56
명동보리밥 방배점,"서울특별시 서초구 서초대로 108, (방배동,지상2층 201호)",서울특별시 서초구 방배동  898번지 3호  지상2층 201호,한식,165
방배골식당,"서울특별시 서초구 방배로8길 6, (방배동,(지상2층))",서울특별시 서초구 방배동  1022번지 2호  (지상2층),한식,79.2
송강,"서울특별시 서초구 명달로9길 5, (방배동,1층)",서울특별시 서초구 방배동  1002번지 1호  1층,한식,151.38
서초 불쭈꾸미,"서울특별시 서초구 서초대로42길 29, (서초동,지상1층)",서울특별시 서초구 서초동  1552번지 6호  지상1층,한식,132
나나마구로,"서울특별시 서초구 반포대로28길 65-4, 1,2층 (서초동)","서울특별시 서초구 서초동  1571번지 6호  1층, 2층",일식,201.97
참이맛 감자탕,"서울특별시 서초구 사평대로56길 10, 1층 (서초동)",서울특별시 서초구 서초동  1302번지 44호  1층,한식,199.92
서동한우 강남점,"서울특별시 서초구 서초대로74길 29, 201호,208호 (서초동, 서초파라곤)","서울특별시 서초구 서초동  1327번지 29호  서초파라곤 201호,208호",한식,341.42
원당,"서울특별시 서초구 반포대로28길 69, (서초동)",서울특별시 서초구 서초동  1571번지 26호  ,한식,126.27
송이하랑,"서울특별시 서초구 서초대로 21, (방배동,지상1층,2층)","서울특별시 서초구 방배동  866번지 6호  지상1층,2층",한식,148
이남장(서초점),"서울특별시 서초구 서초대로49길 4, 1층,2층,3층 (서초동)","서울특별시 서초구 서초동  1715번지 1호  1층,2층,3층",한식,509.27
북해도,"서울특별시 서초구 서초대로 265, 지하1층 (서초동)",서울특별시 서초구 서초동  1717번지 6호  지하1층,일식,206.84
갈비사랑,"서울특별시 서초구 강남대로 204, 지층,지상1,2,3,4,5층 (양재동)","서울특별시 서초구 양재동  14번지 3호  지1층,지상1,2,3,4,5층",한식,1159.74
진대감,"서울특별시 서초구 나루터로12길 18, 1층 (잠원동, 수인빌딩)",서울특별시 서초구 잠원동  23번지 8호  수인빌딩 지상1층,한식,206.11
초선과여포,"서울특별시 서초구 서초대로78길 44, (서초동,201호)",서울특별시 서초구 서초동  1330번지 16호  201호,중국식,92.4
가조고향마을,"서울특별시 서초구 반포대로30길 18, (서초동,1층)",서울특별시 서초구 서초동  1552번지 16호  1층,한식,148.5
내고향본가,"서울특별시 서초구 나루터로 69, 샤르망 101호 (잠원동)",서울특별시 서초구 잠원동  15번지 4호  샤르망,한식,124.42
(주)배나무골,"서울특별시 서초구 마방로2길 12, (양재동)",서울특별시 서초구 양재동  241번지 3호  ,한식,231.76
삼호복집,"서울특별시 서초구 강남대로99길 19, 용량빌딩 1층 (잠원동)",서울특별시 서초구 잠원동  22번지 17호  용량빌딩 1층,복어취급,151.45
삼호복집,"서울특별시 서초구 강남대로51길 5, (서초동)",서울특별시 서초구 서초동  1338번지 10호  ,복어취급,239.8
영변,"서울특별시 서초구 반포대로23길 22, 2층 (서초동, 영변빌딩)",서울특별시 서초구 서초동  1503번지 13호  2층,일식,161.58
우작설렁탕,"서울특별시 서초구 서초중앙로6길 7, (서초동)",서울특별시 서초구 서초동  1621번지 5호  ,한식,110.57
봉평고향메밀촌,"서울특별시 서초구 신반포로45길 26, 동화빌딩 1층 (잠원동)",서울특별시 서초구 잠원동  39번지 1호  동화빌딩 1층,한식,106.34
한촌설렁탕,"서울특별시 서초구 동산로 87, (양재동)",서울특별시 서초구 양재동  289번지 9호  ,한식,102.35
조가네 갑오징어 방배카페거리점,"서울특별시 서초구 방배중앙로 173, 1층 (방배동)",서울특별시 서초구 방배동  768번지 13호  1층,한식,134.3
서초정육식당,"서울특별시 서초구 서초대로38길 51, (서초동)",서울특별시 서초구 서초동  1503번지 19호  ,한식,85
서초버드나무집,"서울특별시 서초구 효령로 434, (서초동)",서울특별시 서초구 서초동  1340번지 5호  ,한식,839.07
진동둔횟집,"서울특별시 서초구 강남대로91길 18, 지하1층,1층,2층 (잠원동)","서울특별시 서초구 잠원동  36번지 18호  지하1층,1층,2층",일식,948.82
소들녘 서초점,"서울특별시 서초구 효령로 232, 1,2층 (서초동)",서울특별시 서초구 서초동  1485번지 5호  (소방 1 2층),한식,571.66
서초원,"서울특별시 서초구 서초대로 283, (서초동)",서울특별시 서초구 서초동  1715번지 10호  (지하 1층?),한식,451.61
오발탄,"서울특별시 서초구 반포대로 154, 1,2,3층 (서초동)","서울특별시 서초구 서초동  1720번지 1호  1,2,3층",한식,683.77
